otu	Kingdom	Phylum	Class	Order	Family	Genus	Species
f556cceb09c61e1530d00b7d1aed8234	k__Eukaryota	p__Oomycota	c__Stramenopiles	o__Peronosporales	f__Peronosporaceae	g__Peronospora	s__Peronospora_manshurica
353c06adc7d2edfcfaebf59bbe3ff76e	k__Eukaryota	p__Oomycota	c__Stramenopiles	o__Peronosporales	f__Peronosporaceae	g__Peronospora	s__Peronospora_destructor
9b00bc511c2b9d7b833604813b0b05f2	k__Eukaryota	p__Oomycota	c__Stramenopiles	o__Peronosporales	f__Peronosporaceae	g__Peronospora	s__Peronospora_variabilis
9e1dc7d16af91d5c34643b33f8f13694	k__Eukaryota	p__Oomycota	c__Stramenopiles	o__Peronosporales	f__Peronosporaceae	g__Bremia	s__Bremia_elliptica
d87923a926982434c811a4fc33a7942f	k__Eukaryota	p__Oomycota	c__Stramenopiles	o__Albuginales	f__Albuginaceae	g__Albugo	s__Albugo_candida
9ed6ed511e00f993f42bc338c94d55eb	k__Eukaryota	p__Oomycota	c__Stramenopiles	o__Peronosporales	f__Peronosporaceae	g__Peronospora	s__Peronospora_aparines
d11f971c2573dded4a7b813736d54cc3	k__Eukaryota	p__Oomycota	c__Stramenopiles	o__Peronosporales	f__Peronosporaceae	g__Peronospora	s__unknown
a62e14ddf957e10799c77e23e1df70e9	k__Eukaryota	p__Oomycota	c__Stramenopiles	o__Peronosporales	f__Peronosporaceae	g__Peronospora	s__Peronospora_variabilis
1d05a08941ce5f54c3ecac0a1d850780	k__Eukaryota	p__Oomycota	c__Stramenopiles	o__Peronosporales	f__Peronosporaceae	g__Hyaloperonospora	s__Hyaloperonospora_nesliae
da68b84ae7440726f0fa022c707fe95b	k__Eukaryota	p__Oomycota	c__Stramenopiles	o__Peronosporales	f__Peronosporaceae	g__Hyaloperonospora	s__Hyaloperonospora_brassicae
3c3ecc78bf1e40196db23d7f292c49db	k__Eukaryota	p__Oomycota	c__Stramenopiles	o__Peronosporales	f__Peronosporaceae	g__Plasmopara	s__Plasmopara_euphrasiae
ed0c9bcfe684c57ad599dac182375be7	k__Eukaryota	p__Oomycota	c__Stramenopiles	o__Peronosporales	f__Peronosporaceae	g__Hyaloperonospora	s__unknown
cb58f2ab46277ccb82843013dbc550f2	k__Eukaryota	p__Oomycota	c__Stramenopiles	o__Peronosporales	f__Peronosporaceae	g__Hyaloperonospora	s__Hyaloperonospora_camelinae
0819251fc23d2a7a389de35d1cf0184a	k__Eukaryota	p__Oomycota	c__Stramenopiles	o__Peronosporales	f__Peronosporaceae	g__Bremia	s__Bremia_elliptica
802365cdb30c5055ad29d5468e2989dc	k__Eukaryota	p__Oomycota	c__Stramenopiles	o__Peronosporales	f__Peronosporaceae	g__Bremia	s__Bremia_elliptica
fdb2cab06253f1e2b1909356370778e0	k__Eukaryota	p__Oomycota	c__Stramenopiles	o__Peronosporales	f__Peronosporaceae	g__Hyaloperonospora	s__Hyaloperonospora_camelinae
06a6f9d5932363c7e6115dc64fbf994b	k__Eukaryota	p__Oomycota	c__Stramenopiles	o__Peronosporales	f__Peronosporaceae	g__Peronospora	s__Peronospora_variabilis
cb6da00040cff376b029c5904b6120ee	k__Eukaryota	p__Oomycota	c__Stramenopiles	o__unknown	f__unknown	g__unknown	s__unknown
a92c7a639f70870a2e01cc39ce7a0c90	k__Eukaryota	p__Oomycota	c__Stramenopiles	o__Peronosporales	f__Peronosporaceae	g__Peronospora	s__Peronospora_variabilis
1fc94f8daaddabfec359861c1d9e1d3c	k__Eukaryota	p__Oomycota	c__Stramenopiles	o__Albuginales	f__Albuginaceae	g__Albugo	s__Albugo_candida
d5a70340736f5f99aacb0b563e0bf1b7	k__Eukaryota	p__Oomycota	c__Stramenopiles	o__Peronosporales	f__Peronosporaceae	g__Bremia	s__Bremia_elliptica
328f8c0582bd5546b7f0f69bc94a3690	k__Eukaryota	p__Oomycota	c__Stramenopiles	o__Peronosporales	f__Peronosporaceae	g__Peronospora	s__Peronospora_viciae
5032e350e84790c98a1597c4c7034074	k__Eukaryota	p__Oomycota	c__Stramenopiles	o__Albuginales	f__Albuginaceae	g__Albugo	s__Albugo_candida
245ba0070f96f95226052b408552f547	k__Eukaryota	p__Oomycota	c__Stramenopiles	o__Peronosporales	f__Peronosporaceae	g__Peronospora	s__unknown
626e561e0f4bfe5924bcfd700d8f1aba	k__Eukaryota	p__Oomycota	c__Stramenopiles	o__Albuginales	f__Albuginaceae	g__Albugo	s__Albugo_candida
64c30e3d5734368ec6243d747728bf68	k__Eukaryota	p__Oomycota	c__Stramenopiles	o__Peronosporales	f__Peronosporaceae	g__Peronospora	s__Peronospora_stellariae-aquaticae
95c32d844a881b7e0fcbcb260d4c4273	k__Eukaryota	p__Oomycota	c__Stramenopiles	o__Peronosporales	f__Peronosporaceae	g__unknown	s__unknown
80759041388c800eefe835c0f6cbd6b4	k__Eukaryota	p__Oomycota	c__Stramenopiles	o__Peronosporales	f__Peronosporaceae	g__Bremia	s__Bremia_elliptica
e10d7010e63e94b8a12988233886d34a	k__Eukaryota	p__Oomycota	c__Stramenopiles	o__Peronosporales	f__Peronosporaceae	g__Hyaloperonospora	s__unknown
b79f19afc77a3755e67b6d3ba01b0892	k__Eukaryota	p__Oomycota	c__Stramenopiles	o__Peronosporales	f__Peronosporaceae	g__Hyaloperonospora	s__unknown
81eb338af254db53abe060542a5f6e33	k__Eukaryota	p__Oomycota	c__Stramenopiles	o__Peronosporales	f__Peronosporaceae	g__Peronospora	s__Peronospora_viciae
6e9b159d016831e9ed24efb6e26078aa	k__Eukaryota	p__Oomycota	c__Stramenopiles	o__Peronosporales	f__Peronosporaceae	g__Peronospora	s__Peronospora_manshurica
2fcaf97bf167c19dd5c9d90c1d149942	k__Eukaryota	p__Oomycota	c__Stramenopiles	o__Peronosporales	f__Peronosporaceae	g__Hyaloperonospora	s__unknown
a6b80c14727c3735565fcdeb8dea254f	k__Eukaryota	p__Oomycota	c__Stramenopiles	o__Peronosporales	f__Peronosporaceae	g__Peronospora	s__unknown
bfa0df4fa4d2ea310d677ea8180d6980	k__Eukaryota	p__Oomycota	c__Stramenopiles	o__Peronosporales	f__Peronosporaceae	g__Hyaloperonospora	s__Hyaloperonospora_brassicae
82943944cb8fcce10760cf6cb5b2f7fd	k__Eukaryota	p__Oomycota	c__Stramenopiles	o__Albuginales	f__Albuginaceae	g__Albugo	s__Albugo_candida
dd6a2bfc268498d234d92ce7c8ca6a22	k__Eukaryota	p__Oomycota	c__Stramenopiles	o__Pythiales	f__Pythiaceae	g__Pythium	s__Pythium_aphanidermatum
12a951fc9dca16a43711bee9dda34c14	k__Eukaryota	p__Oomycota	c__Stramenopiles	o__Peronosporales	f__Peronosporaceae	g__Bremia	s__Bremia_elliptica
dd8ae5abd0a2a76cf8915b27e333ee0d	k__Eukaryota	p__Oomycota	c__Stramenopiles	o__Pythiales	f__Pythiaceae	g__Globisporangium	s__Globisporangium_ultimum
950b1e61944eca6d97ab89f6fa53a0e5	k__Eukaryota	p__Oomycota	c__Stramenopiles	o__Albuginales	f__Albuginaceae	g__Albugo	s__Albugo_candida
63b570abdc4c2cced33247805b30bf9b	k__Eukaryota	p__Oomycota	c__Stramenopiles	o__Peronosporales	f__Peronosporaceae	g__unknown	s__unknown
e2aaa294f6cb964a4590a47c0ecd2ede	k__Eukaryota	p__Oomycota	c__Stramenopiles	o__Peronosporales	f__Peronosporaceae	g__Peronospora	s__Peronospora_erucastri
4564592a928204e2079a9879d35ff5a3	k__Eukaryota	p__Oomycota	c__Stramenopiles	o__Peronosporales	f__Peronosporaceae	g__Peronospora	s__Peronospora_viciae
7be33ac8c82b364ff0fce1c9c02754c6	k__Eukaryota	p__Oomycota	c__Stramenopiles	o__Pythiales	f__Pythiaceae	g__Pythium	s__unknown
911499548eb095d378e6ae30528755bf	k__Eukaryota	p__Oomycota	c__Stramenopiles	o__Peronosporales	f__Peronosporaceae	g__unknown	s__unknown
9307407df7429b3fb9ac6365d5c603ff	k__Eukaryota	p__Oomycota	c__Stramenopiles	o__Peronosporales	f__Peronosporaceae	g__Plasmoverna	s__Plasmoverna_anemones-ranunculoides
c42b50c70434ba2a481d48cb32ebe937	k__Eukaryota	p__Oomycota	c__Stramenopiles	o__Peronosporales	f__Peronosporaceae	g__Pseudoperonospora	s__Pseudoperonospora_cubensis
2185460200ac61c30cbade6dca1a3902	k__Eukaryota	p__Oomycota	c__Stramenopiles	o__Peronosporales	f__Peronosporaceae	g__Peronospora	s__Peronospora_calotheca
7651aca12b6981bc2ab2bbb5952c02e2	k__Eukaryota	p__Oomycota	c__Stramenopiles	o__Pythiales	f__Pythiaceae	g__Pythium	s__Pythium_aphanidermatum
ea0ffb48ab6dcc0409ed52551cbc7872	k__Eukaryota	p__Oomycota	c__Stramenopiles	o__Pythiales	f__Pythiaceae	g__Globisporangium	s__Globisporangium_nunn
d1ef62dd4f35f9df3eda34c9e9089189	k__Eukaryota	p__Oomycota	c__Stramenopiles	o__Peronosporales	f__Peronosporaceae	g__Peronospora	s__unknown
c3abcd8388a5544b1b9d0cc62078bdc3	k__Eukaryota	p__Oomycota	c__Stramenopiles	o__Peronosporales	f__Peronosporaceae	g__Bremia	s__Bremia_elliptica
efccbb8525263cc7b9ccb849fdc48c7a	k__Eukaryota	p__Oomycota	c__Stramenopiles	o__Pythiales	f__Pythiaceae	g__Pythium	s__unknown
e3491c7277b67fa619a0214949cb35b6	k__Eukaryota	p__unknown	c__unknown	o__unknown	f__unknown	g__unknown	s__unknown
866d820408c1d25462b6baa291b924bd	k__Eukaryota	p__Oomycota	c__Stramenopiles	o__Peronosporales	f__Peronosporaceae	g__Peronospora	s__Peronospora_manshurica
8dddb6064b75db16003e11c8bee79446	k__Eukaryota	p__Oomycota	c__Stramenopiles	o__Peronosporales	f__Peronosporaceae	g__unknown	s__unknown
790ba116667f5f9ee91a312e02f455d8	k__Eukaryota	p__Oomycota	c__Stramenopiles	o__Peronosporales	f__Peronosporaceae	g__unknown	s__unknown
bdb841ba0f5d06dd9748794689c64ae1	k__Eukaryota	p__Oomycota	c__Stramenopiles	o__Peronosporales	f__Peronosporaceae	g__Bremia	s__Bremia_elliptica
5c2c7e7fc80449d012013f8778fa3514	k__Eukaryota	p__Oomycota	c__Stramenopiles	o__Peronosporales	f__Peronosporaceae	g__Plasmopara	s__Plasmopara_euphrasiae
cfb2e464e02aff48380b378e707b9865	k__Eukaryota	p__Oomycota	c__Stramenopiles	o__Pythiales	f__Pythiaceae	g__Globisporangium	s__unknown
75e384989e6fa9b9ca48bd0a22b9e4c2	k__Eukaryota	p__Oomycota	c__Stramenopiles	o__Peronosporales	f__Peronosporaceae	g__Bremia	s__Bremia_elliptica
0fcecdcdffd99b3c7aab416ed84a709d	k__Eukaryota	p__Oomycota	c__Stramenopiles	o__Peronosporales	f__Peronosporaceae	g__Peronospora	s__unknown
56fabaa772bef9ac4d112664a63b0833	k__Eukaryota	p__Oomycota	c__Stramenopiles	o__Peronosporales	f__Peronosporaceae	g__Bremia	s__Bremia_elliptica
ceb26b45eff48df17c1dac7dde1eec94	k__Eukaryota	p__Oomycota	c__Stramenopiles	o__Peronosporales	f__Peronosporaceae	g__Peronospora	s__Peronospora_destructor
5c0b739b3ce073f4fb6ebe0319756b7c	k__Eukaryota	p__Oomycota	c__Stramenopiles	o__Peronosporales	f__Peronosporaceae	g__Peronospora	s__Peronospora_stellariae-aquaticae
6d3cec0c2beced6d2e5497f4e1dbfe18	k__Eukaryota	p__Oomycota	c__Stramenopiles	o__Peronosporales	f__Peronosporaceae	g__unknown	s__unknown
cf61351d54bbc779dc9103683eac4478	k__Eukaryota	p__Oomycota	c__Stramenopiles	o__unknown	f__unknown	g__unknown	s__unknown
ab31d8a59cbc8514e1e5637093c53fd3	k__Eukaryota	p__Oomycota	c__Stramenopiles	o__Pythiales	f__Pythiaceae	g__Pythium	s__unknown
fc1e324f36355d7c73b9f4e695153031	k__Eukaryota	p__Oomycota	c__Stramenopiles	o__Peronosporales	f__Peronosporaceae	g__unknown	s__unknown
b6dbe136a9a9484a3a0807eb5afa834d	k__Eukaryota	p__Oomycota	c__Stramenopiles	o__Pythiales	f__Pythiaceae	g__Globisporangium	s__Globisporangium_rostratifingens
bcb830b14e75c184a1a66839a58b3bfb	k__Eukaryota	p__Oomycota	c__Stramenopiles	o__Peronosporales	f__Peronosporaceae	g__Peronospora	s__Peronospora_aparines
583b813db90ee0ce20f9bf862e37caa9	k__Eukaryota	p__Oomycota	c__Stramenopiles	o__Peronosporales	f__Peronosporaceae	g__Bremia	s__unknown
12021084ccd7343dd01e59e473a005bf	k__Eukaryota	p__Oomycota	c__Stramenopiles	o__Peronosporales	f__Peronosporaceae	g__unknown	s__unknown
28d6bf925f6bb17170624f595cf7b7dc	k__Eukaryota	p__Oomycota	c__Stramenopiles	o__Peronosporales	f__Peronosporaceae	g__Peronospora	s__Peronospora_stellariae-aquaticae
0219908dfa979d5911df96c329a637a6	k__Eukaryota	p__Oomycota	c__Stramenopiles	o__Peronosporales	f__Peronosporaceae	g__Peronospora	s__unknown
2ce796366a22bd31641c2491a53d1a80	k__Eukaryota	p__Oomycota	c__Stramenopiles	o__Peronosporales	f__Peronosporaceae	g__Peronospora	s__Peronospora_calotheca
4e19a571d2ab5dd0333c895a63a2724b	k__Eukaryota	p__Oomycota	c__Stramenopiles	o__Pythiales	f__Pythiaceae	g__Pythium	s__unknown
f2399bfe3e582c3fa8b54e953a0a7dcf	k__Eukaryota	p__Oomycota	c__Stramenopiles	o__Pythiales	f__Pythiaceae	g__Globisporangium	s__Globisporangium_rostratifingens
e6f8f2468045b6ce6a8ffa80371750a0	k__Eukaryota	p__Oomycota	c__Stramenopiles	o__Peronosporales	f__Peronosporaceae	g__Peronospora	s__Peronospora_aparines
9ac2ca3f083eb41cf3c4b15b75fe7db5	k__Eukaryota	p__Oomycota	c__Stramenopiles	o__Peronosporales	f__Peronosporaceae	g__Peronospora	s__Peronospora_bulbocapni
ccda2440f66978e053203d30c11bb92d	k__Eukaryota	p__Oomycota	c__Stramenopiles	o__Pythiales	f__Pythiaceae	g__Globisporangium	s__Globisporangium_intermedium
7944cb46387ff54d84db65214592d1ac	k__Eukaryota	p__Oomycota	c__Stramenopiles	o__Peronosporales	f__Peronosporaceae	g__Bremia	s__Bremia_elliptica
a9938efda0dae34eacc2f46e12e2ae66	k__Eukaryota	p__Oomycota	c__Stramenopiles	o__Peronosporales	f__Peronosporaceae	g__unknown	s__unknown
984f5278443a9fa68af4c0d995b26557	k__Eukaryota	p__Oomycota	c__Stramenopiles	o__Pythiales	f__Pythiaceae	g__Globisporangium	s__Globisporangium_rostratum
531ef8d60b801c9788e7b96be5bf2780	k__Eukaryota	p__Oomycota	c__Stramenopiles	o__unknown	f__unknown	g__unknown	s__unknown
73625680e28fe2784969b04867025281	k__Eukaryota	p__Oomycota	c__Stramenopiles	o__unknown	f__unknown	g__unknown	s__unknown
1a3999ed1c309f71fcad82b1b4c32f17	k__Eukaryota	p__Oomycota	c__Stramenopiles	o__Pythiales	f__Pythiaceae	g__Pythium	s__Pythium_tracheiphilum
ae74e4ee07b85a162ead42e859fee1a0	k__Eukaryota	p__Oomycota	c__Stramenopiles	o__Peronosporales	f__Peronosporaceae	g__Peronospora	s__Peronospora_stellariae-aquaticae
ea763d230ed99113fa45a6623ecb2810	k__Eukaryota	p__Oomycota	c__Stramenopiles	o__Peronosporales	f__Peronosporaceae	g__Hyaloperonospora	s__unknown
be53c18b123ffe20a8396a26fc723959	k__Eukaryota	p__Oomycota	c__Stramenopiles	o__Peronosporales	f__Peronosporaceae	g__Peronospora	s__Peronospora_aparines
66720b7b80156b63587745d76592f46e	k__Eukaryota	p__Oomycota	c__Stramenopiles	o__Peronosporales	f__Peronosporaceae	g__Peronospora	s__unknown
50d9634fc1d4dd982c42c939471467d5	k__Eukaryota	p__Oomycota	c__Stramenopiles	o__Pythiales	f__Pythiaceae	g__Globisporangium	s__Globisporangium_orthogonon
e15beff0653fef7e75b8fa70e6c6b0e0	k__Eukaryota	p__Oomycota	c__Stramenopiles	o__Peronosporales	f__Peronosporaceae	g__Bremia	s__Bremia_elliptica
c706312b3e0bd501749f398e170fc181	k__Eukaryota	p__Oomycota	c__Stramenopiles	o__Pythiales	f__Pythiaceae	g__Pythium	s__unknown
e45faa66e40a63d377c9842a2aa295d6	k__Eukaryota	p__Oomycota	c__Stramenopiles	o__Pythiales	f__Pythiaceae	g__Globisporangium	s__Globisporangium_heterothallicum
ea0c6e58972737d4b8158ac12894289d	k__Eukaryota	p__Oomycota	c__Stramenopiles	o__Pythiales	f__Pythiaceae	g__Pythium	s__unknown
e9d6dfd061b7f1adfeee72a2b2140b97	k__Eukaryota	p__Oomycota	c__Stramenopiles	o__Peronosporales	f__Peronosporaceae	g__Peronospora	s__Peronospora_calotheca
1f8ae5287b8706a48801b6579149c4b2	k__Eukaryota	p__Oomycota	c__Stramenopiles	o__unknown	f__unknown	g__unknown	s__unknown
92cd91f2b6db8ec06452516f7e9fb86f	k__Eukaryota	p__Oomycota	c__Stramenopiles	o__Peronosporales	f__Peronosporaceae	g__Bremia	s__Bremia_elliptica
e6fb41b03d14db98abae75364e8bedab	k__Eukaryota	p__Oomycota	c__Stramenopiles	o__Pythiales	f__Pythiaceae	g__Globisporangium	s__Globisporangium_orthogonon
5663ce07c06df3773949a247d491a23a	k__Eukaryota	p__Oomycota	c__Stramenopiles	o__Peronosporales	f__Peronosporaceae	g__unknown	s__unknown
f4f71e4803e6dc68bfd0a0bdba3b3dcb	k__Eukaryota	p__Oomycota	c__Stramenopiles	o__Peronosporales	f__Peronosporaceae	g__unknown	s__unknown
5357af1265b5a37dcb808fb8da8fe7e4	k__Eukaryota	p__Oomycota	c__Stramenopiles	o__Peronosporales	f__Peronosporaceae	g__Peronospora	s__Peronospora_verbenae
19c776f9efd35c59f0a06c4103381c6e	k__Eukaryota	p__Oomycota	c__Stramenopiles	o__Peronosporales	f__Peronosporaceae	g__Peronospora	s__Peronospora_hiemalis
86a42f6a0ef9f38fe1c2740a6f75b1e5	k__Eukaryota	p__Oomycota	c__Stramenopiles	o__Peronosporales	f__Peronosporaceae	g__Bremia	s__Bremia_elliptica
d45e4f625baa1adfd021a8498ddca7f3	k__Eukaryota	p__Oomycota	c__Stramenopiles	o__unknown	f__unknown	g__unknown	s__unknown
48b8c42c004a00bed2a7905e94906b38	k__Eukaryota	p__Oomycota	c__Stramenopiles	o__Peronosporales	f__Peronosporaceae	g__Peronospora	s__Peronospora_aparines
a53ccc7e92fb2dd82e7f3d9f3ea3c172	k__Eukaryota	p__Oomycota	c__Stramenopiles	o__Peronosporales	f__Peronosporaceae	g__unknown	s__unknown
fdacbb8c38d3b6c340053c197a6c75fd	k__Eukaryota	p__Oomycota	c__Stramenopiles	o__Peronosporales	f__Peronosporaceae	g__Bremia	s__Bremia_elliptica
b1d474048575aae3ae2a80cef43938d0	k__Eukaryota	p__Oomycota	c__Stramenopiles	o__Peronosporales	f__Peronosporaceae	g__unknown	s__unknown
83d560aaf400928f521960d63d0823c9	k__Eukaryota	p__Oomycota	c__Stramenopiles	o__Peronosporales	f__Peronosporaceae	g__Bremia	s__Bremia_elliptica
21fde39b84e0390370df34a741e53439	k__Eukaryota	p__Oomycota	c__Stramenopiles	o__Peronosporales	f__Peronosporaceae	g__Hyaloperonospora	s__unknown
2d25f071ef3efed20aa7d9ae2cf75470	k__Eukaryota	p__Oomycota	c__Stramenopiles	o__Peronosporales	f__Peronosporaceae	g__unknown	s__unknown
2ab7969d9f083f6f79aeed660adb441d	k__Eukaryota	p__Oomycota	c__Stramenopiles	o__Peronosporales	f__Peronosporaceae	g__Peronospora	s__Peronospora_erucastri
69a03b59e5b3f9770e4e2b9f8e191a32	k__Eukaryota	p__Oomycota	c__Stramenopiles	o__Peronosporales	f__Peronosporaceae	g__Peronospora	s__Peronospora_destructor
a84e44c2256116de90fa7b858ee2509a	k__Eukaryota	p__Oomycota	c__Stramenopiles	o__Peronosporales	f__Peronosporaceae	g__Peronospora	s__Peronospora_aparines
0e7108aa5383c0aa84c2ce5734b2dd39	k__Eukaryota	p__Oomycota	c__Stramenopiles	o__Peronosporales	f__Peronosporaceae	g__unknown	s__unknown
1920e5ad25135287b7d8f7ac7763433c	k__Eukaryota	p__Oomycota	c__Stramenopiles	o__unknown	f__unknown	g__unknown	s__unknown
47bbf6b02882726e5ff07da7b2288547	k__Eukaryota	p__Oomycota	c__Stramenopiles	o__Peronosporales	f__Peronosporaceae	g__unknown	s__unknown
9771dccc67824077b1fe895c40caf0b1	k__Eukaryota	p__Oomycota	c__Stramenopiles	o__Peronosporales	f__Peronosporaceae	g__Plasmopara	s__Plasmopara_euphrasiae
9c32a81ec027b6d1b143a46e25aa7cd4	k__Eukaryota	p__Oomycota	c__Stramenopiles	o__Peronosporales	f__Peronosporaceae	g__Peronospora	s__unknown
29160c8dc991970a2c85115af5b803c1	k__Eukaryota	p__Oomycota	c__Stramenopiles	o__Peronosporales	f__Peronosporaceae	g__Peronospora	s__Peronospora_erucastri
a8b72426bb9183352093e5dded1e1539	k__Eukaryota	p__Oomycota	c__Stramenopiles	o__Peronosporales	f__Peronosporaceae	g__unknown	s__unknown
681f00505075b68417a42c12ae4852a8	k__Eukaryota	p__Oomycota	c__Stramenopiles	o__Peronosporales	f__Peronosporaceae	g__Peronospora	s__Peronospora_aparines
f2bd6db6a815f54b2827ff31fe9c2e0d	k__Eukaryota	p__Oomycota	c__Stramenopiles	o__Peronosporales	f__Peronosporaceae	g__Pseudoperonospora	s__Pseudoperonospora_cubensis
d7785fa71efbb8340bf1da55b4ac0642	k__Eukaryota	p__Oomycota	c__Stramenopiles	o__Pythiales	f__Pythiaceae	g__Globisporangium	s__Globisporangium_nunn
bff3cda216e1920d8ef7c37164b7b7ff	k__Eukaryota	p__Oomycota	c__Stramenopiles	o__Peronosporales	f__Peronosporaceae	g__Bremia	s__Bremia_elliptica
c2a47ef2464f96d462d7253b268ff98e	k__Eukaryota	p__Oomycota	c__Stramenopiles	o__Peronosporales	f__Peronosporaceae	g__Bremia	s__Bremia_elliptica
56ee72f4eb1d617bd0f74c4bfc64c489	k__Eukaryota	p__Oomycota	c__Stramenopiles	o__Peronosporales	f__Peronosporaceae	g__Peronospora	s__Peronospora_variabilis
c55c8b025f0f314516e0295d6dd4c750	k__Eukaryota	p__Oomycota	c__Stramenopiles	o__Peronosporales	f__Peronosporaceae	g__Peronospora	s__Peronospora_stellariae-aquaticae
355fc45f5fa8bec8efa785d02abf0f83	k__Eukaryota	p__Oomycota	c__Stramenopiles	o__Pythiales	f__Pythiaceae	g__Pythium	s__unknown
a14f8cff5d034f2d11f1abcb6c443e7a	k__Eukaryota	p__Oomycota	c__Stramenopiles	o__Peronosporales	f__Peronosporaceae	g__Peronospora	s__Peronospora_manshurica
2ac27afd70bdd986f3258dd1ec57cf7b	k__Eukaryota	p__Oomycota	c__Stramenopiles	o__Peronosporales	f__Peronosporaceae	g__unknown	s__unknown
6e88f9c93ace5f8392f28c07c5bc6232	k__Eukaryota	p__Oomycota	c__Stramenopiles	o__Pythiales	f__Pythiaceae	g__Pythium	s__unknown
ca04e648d99d0934deb40555037e3c9f	k__Eukaryota	p__Oomycota	c__Stramenopiles	o__Peronosporales	f__Peronosporaceae	g__Hyaloperonospora	s__Hyaloperonospora_brassicae
4a862010409a9e1298c5a65b1148bd7d	k__Eukaryota	p__Oomycota	c__Stramenopiles	o__Peronosporales	f__Peronosporaceae	g__Peronospora	s__unknown
f751d562355b0047f209be22a035b606	k__Eukaryota	p__Oomycota	c__Stramenopiles	o__Peronosporales	f__Peronosporaceae	g__Plasmopara	s__Plasmopara_euphrasiae
938ec0a66a9df7357e0437fb6092bed7	k__Eukaryota	p__Oomycota	c__Stramenopiles	o__unknown	f__unknown	g__unknown	s__unknown
908fcbf89c2d3890b0d4efb820f6956c	k__Eukaryota	p__Oomycota	c__Stramenopiles	o__Pythiales	f__Pythiaceae	g__Globisporangium	s__unknown
9b7d4f385878bbca3e21834b50083596	k__Eukaryota	p__Oomycota	c__Stramenopiles	o__Peronosporales	f__Peronosporaceae	g__Bremia	s__Bremia_elliptica
a773a1741f2fa23b2bd28fd3f894730c	k__Eukaryota	p__Oomycota	c__Stramenopiles	o__Peronosporales	f__Peronosporaceae	g__unknown	s__unknown
b026529911ee537105a00d866e22d194	k__Eukaryota	p__Oomycota	c__Stramenopiles	o__Peronosporales	f__Peronosporaceae	g__Peronospora	s__Peronospora_calotheca
d7126c0d8ccc46c34415f1b84e2544b9	k__Eukaryota	p__Oomycota	c__Stramenopiles	o__Peronosporales	f__Peronosporaceae	g__Peronospora	s__Peronospora_variabilis
85e7de3f98afe4061c72febec063bd31	k__Eukaryota	p__Oomycota	c__Stramenopiles	o__unknown	f__unknown	g__unknown	s__unknown
c92ceccf74065f0b4f61c5523aa7ade5	k__Eukaryota	p__Oomycota	c__Stramenopiles	o__Pythiales	f__Pythiaceae	g__Globisporangium	s__unknown
74acbfad58613f75276d16dc357fd795	k__Eukaryota	p__Oomycota	c__Stramenopiles	o__Peronosporales	f__Peronosporaceae	g__Peronospora	s__Peronospora_calotheca
16eed6abbf860853ccc252d58a58c9b2	k__Eukaryota	p__Oomycota	c__Stramenopiles	o__Peronosporales	f__Peronosporaceae	g__Peronospora	s__Peronospora_aparines
cc3dddde7dfa4a6188f2a7389aa2f7ec	k__Eukaryota	p__Oomycota	c__Stramenopiles	o__unknown	f__unknown	g__unknown	s__unknown
829c1812066d60053135bace98649550	k__Eukaryota	p__Oomycota	c__Stramenopiles	o__Peronosporales	f__Peronosporaceae	g__Peronospora	s__Peronospora_viciae
6109a40900a97dbda567238a10825220	k__Eukaryota	p__Oomycota	c__Stramenopiles	o__Pythiales	f__Pythiaceae	g__Pythium	s__Pythium_tracheiphilum
063f9312db38461a2d3411f07b7876c0	k__Eukaryota	p__Oomycota	c__Stramenopiles	o__Peronosporales	f__Peronosporaceae	g__unknown	s__unknown
a29f91de7fbab2c1fecf5e74d93de4a7	k__Eukaryota	p__Oomycota	c__Stramenopiles	o__Peronosporales	f__Peronosporaceae	g__Plasmopara	s__Plasmopara_euphrasiae
8bb4b01cc652ca73e798e3663833bb0c	k__Eukaryota	p__Oomycota	c__Stramenopiles	o__Peronosporales	f__Peronosporaceae	g__Peronospora	s__Peronospora_viciae
a30f659da511978cf7c117a2f5779230	k__Eukaryota	p__Oomycota	c__Stramenopiles	o__Peronosporales	f__Peronosporaceae	g__Peronospora	s__Peronospora_variabilis
b25e8aafec6456613d0b975283fb3373	k__Eukaryota	p__Oomycota	c__Stramenopiles	o__Albuginales	f__Albuginaceae	g__Albugo	s__Albugo_candida
83d6b6c0fde3e0169ceab67d89d82277	k__Eukaryota	p__Oomycota	c__Stramenopiles	o__Peronosporales	f__Peronosporaceae	g__Peronospora	s__Peronospora_erucastri
0836cb6306489992f4f5e8bb2c00b465	k__Eukaryota	p__Oomycota	c__Stramenopiles	o__Albuginales	f__Albuginaceae	g__Albugo	s__Albugo_candida
06a67869680455e4961214119f4faf5a	k__Eukaryota	p__Oomycota	c__Stramenopiles	o__Peronosporales	f__Peronosporaceae	g__unknown	s__unknown
87c166fe27fab3220af1b0b039291928	k__Eukaryota	p__Oomycota	c__Stramenopiles	o__unknown	f__unknown	g__unknown	s__unknown
977a46e9f9b0cc72916716f722c876f3	k__Eukaryota	p__Oomycota	c__Stramenopiles	o__Peronosporales	f__Peronosporaceae	g__Plasmopara	s__Plasmopara_euphrasiae
00ff8f16569c6c0b5407f3e830ae44d7	k__Eukaryota	p__Oomycota	c__Stramenopiles	o__Peronosporales	f__Peronosporaceae	g__Plasmopara	s__Plasmopara_euphrasiae
0a4d348226879f5a6d871fa1568a307c	k__Eukaryota	p__Oomycota	c__Stramenopiles	o__Peronosporales	f__Peronosporaceae	g__Peronospora	s__Peronospora_stellariae-aquaticae
c87ead2366a6d2f19a5d0a8ac0950f6c	k__Eukaryota	p__Oomycota	c__Stramenopiles	o__unknown	f__unknown	g__unknown	s__unknown
868be35b7fcacc5bfd2ad828f7b6a904	k__Eukaryota	p__Oomycota	c__Stramenopiles	o__Peronosporales	f__Peronosporaceae	g__Peronospora	s__unknown
e06d6f3caee111a0f96cce6a4a2083df	k__Eukaryota	p__Oomycota	c__Stramenopiles	o__Peronosporales	f__Peronosporaceae	g__Hyaloperonospora	s__Hyaloperonospora_camelinae
653d5c1f345043f8689102adecc8fdcc	k__Eukaryota	p__Oomycota	c__Stramenopiles	o__Peronosporales	f__Peronosporaceae	g__Bremia	s__Bremia_elliptica
4838ae0d8eb283a409cca46d7b6928a6	k__Eukaryota	p__Oomycota	c__Stramenopiles	o__Pythiales	f__Pythiaceae	g__Pythium	s__Pythium_aphanidermatum
2f31bfad43d361d188ed846435b1acac	k__Eukaryota	p__Oomycota	c__Stramenopiles	o__Albuginales	f__Albuginaceae	g__Albugo	s__Albugo_candida
1ed1856368fe96449ef46917d2bcbd2a	k__Eukaryota	p__Oomycota	c__Stramenopiles	o__Peronosporales	f__Peronosporaceae	g__Peronospora	s__Peronospora_calotheca
bc532f59a443a9f089c56df0fbffeea8	k__Eukaryota	p__Oomycota	c__Stramenopiles	o__Peronosporales	f__Peronosporaceae	g__Plasmopara	s__Plasmopara_euphrasiae
4fe07729c38939865cedd7194fc2c47b	k__Eukaryota	p__Oomycota	c__Stramenopiles	o__Peronosporales	f__Peronosporaceae	g__Plasmopara	s__Plasmopara_euphrasiae
7813993e3457bc9e64a89312439a762f	k__Eukaryota	p__Oomycota	c__Stramenopiles	o__Peronosporales	f__Peronosporaceae	g__Hyaloperonospora	s__unknown
25278cf87fb0f7944af786e8a6e5a1c1	k__Eukaryota	p__Oomycota	c__Stramenopiles	o__Peronosporales	f__Peronosporaceae	g__Plasmopara	s__Plasmopara_euphrasiae
0141e7b2e2cfdf81d991b3cc3058f5a1	k__Eukaryota	p__Oomycota	c__Stramenopiles	o__Peronosporales	f__Peronosporaceae	g__Peronospora	s__unknown
4d99eaaf83823f35df29f92d83027876	k__Eukaryota	p__Oomycota	c__Stramenopiles	o__Peronosporales	f__Peronosporaceae	g__Hyaloperonospora	s__Hyaloperonospora_brassicae
f1c0d0ca4799e68de0a5956c2f9242a5	k__Eukaryota	p__Oomycota	c__Stramenopiles	o__Peronosporales	f__Peronosporaceae	g__Peronospora	s__Peronospora_manshurica
188f09b39fb19799d1b028b9ad20c1e8	k__Eukaryota	p__Oomycota	c__Stramenopiles	o__Peronosporales	f__Peronosporaceae	g__Peronospora	s__unknown
b7f6b3151e1e20ed4fa2664fd1f71bc8	k__Eukaryota	p__Oomycota	c__Stramenopiles	o__unknown	f__unknown	g__unknown	s__unknown
c765cedb60d081fc03dcaa435645c308	k__Eukaryota	p__Oomycota	c__Stramenopiles	o__Peronosporales	f__Peronosporaceae	g__Pseudoperonospora	s__Pseudoperonospora_cubensis
2f8b1d9ddce954de294864aa9b1b25c1	k__Eukaryota	p__Oomycota	c__Stramenopiles	o__unknown	f__unknown	g__unknown	s__unknown
1882de308b51325f871025b699200f9f	k__Eukaryota	p__Oomycota	c__Stramenopiles	o__Pythiales	f__Pythiaceae	g__Pythium	s__unknown
1cc0cca8f1f385fcee0b1ddb81460c55	k__Eukaryota	p__Oomycota	c__Stramenopiles	o__Peronosporales	f__Peronosporaceae	g__Peronospora	s__Peronospora_calotheca
eb3f5daee72f24375030132878f6dd77	k__Eukaryota	p__Oomycota	c__Stramenopiles	o__Peronosporales	f__Peronosporaceae	g__unknown	s__unknown
b4a133959d0e0d394d022028ac21c04d	k__Eukaryota	p__Oomycota	c__Stramenopiles	o__Peronosporales	f__Peronosporaceae	g__Pseudoperonospora	s__Pseudoperonospora_cubensis
f58e4f3c2da2ec58f27fb684519c9ce9	k__Eukaryota	p__Oomycota	c__Stramenopiles	o__Albuginales	f__Albuginaceae	g__Albugo	s__Albugo_candida
37ba330fbebc7030683a55bca5c024c9	k__Eukaryota	p__Oomycota	c__Stramenopiles	o__Peronosporales	f__Peronosporaceae	g__Plasmopara	s__Plasmopara_euphrasiae
4782fbbb172de406c7e04d51b2498592	k__Eukaryota	p__Oomycota	c__Stramenopiles	o__Peronosporales	f__Peronosporaceae	g__Peronospora	s__Peronospora_potentillae-sterilis
fd88b9d68e02655e0a71cd073ec2308b	k__Eukaryota	p__Oomycota	c__Stramenopiles	o__Peronosporales	f__Peronosporaceae	g__Hyaloperonospora	s__Hyaloperonospora_brassicae
eaac7be4b9d2bdd15202c255c31e7f90	k__Eukaryota	p__Oomycota	c__Stramenopiles	o__Peronosporales	f__Peronosporaceae	g__Peronospora	s__Peronospora_viciae
58f26f3e8dfc6f40b973ea165d6b543a	k__Eukaryota	p__Oomycota	c__Stramenopiles	o__Peronosporales	f__Peronosporaceae	g__Peronospora	s__Peronospora_variabilis
62bf39389f4ed58fd5664f3cb31a4759	k__Eukaryota	p__Oomycota	c__Stramenopiles	o__Peronosporales	f__Peronosporaceae	g__Peronospora	s__unknown
a557646b6971ac6d543f0f57480e225c	k__Eukaryota	p__Oomycota	c__Stramenopiles	o__Pythiales	f__Pythiaceae	g__Pythium	s__unknown
23a0ebffb4971af582d6b2ae4df9f7f6	k__Eukaryota	p__Oomycota	c__Stramenopiles	o__Peronosporales	f__Peronosporaceae	g__Peronospora	s__Peronospora_boni-henrici
204d4f7404294ba9ec67f94329f6f510	k__Eukaryota	p__Oomycota	c__Stramenopiles	o__Peronosporales	f__Peronosporaceae	g__Peronospora	s__unknown
e07d65599b3755e26659a1e1e8c3b38f	k__Eukaryota	p__Oomycota	c__Stramenopiles	o__Peronosporales	f__Peronosporaceae	g__Hyaloperonospora	s__Hyaloperonospora_camelinae
559c6a145e412514d32f17916895260b	k__Eukaryota	p__Oomycota	c__Stramenopiles	o__Peronosporales	f__Peronosporaceae	g__Bremia	s__Bremia_elliptica
b932e8651d82d22ed187b846045b9d0c	k__Eukaryota	p__Oomycota	c__Stramenopiles	o__Peronosporales	f__Peronosporaceae	g__Peronospora	s__Peronospora_erucastri
5f6a1abf53241dd5bdf9ecb380ebcaaf	k__Eukaryota	p__Oomycota	c__Stramenopiles	o__Peronosporales	f__Peronosporaceae	g__unknown	s__unknown
d24a864dafe1fa30d5bb95d2859b0003	k__Eukaryota	p__Oomycota	c__Stramenopiles	o__Peronosporales	f__Peronosporaceae	g__Peronospora	s__Peronospora_erucastri
b04c58e6373959e90810db917feebecb	k__Eukaryota	p__Oomycota	c__Stramenopiles	o__Peronosporales	f__Peronosporaceae	g__Hyaloperonospora	s__unknown
d7e23a7ba4ce5ece47d50c1a2c6c09bc	k__Eukaryota	p__Oomycota	c__Stramenopiles	o__Peronosporales	f__Peronosporaceae	g__Peronospora	s__Peronospora_manshurica
31a2dae383d0ac867ea9ca39c264cd43	k__Eukaryota	p__Oomycota	c__Stramenopiles	o__Peronosporales	f__Peronosporaceae	g__Plasmopara	s__Plasmopara_euphrasiae
740a3ad4d6da9774e380186508afef78	k__Eukaryota	p__Oomycota	c__Stramenopiles	o__Peronosporales	f__Peronosporaceae	g__Plasmoverna	s__Plasmoverna_anemones-ranunculoides
b2bd30ebf382e3f4af7a723c376eb620	k__Eukaryota	p__Oomycota	c__Stramenopiles	o__Peronosporales	f__Peronosporaceae	g__unknown	s__unknown
a52815abb9dff690451a038fa737b4c5	k__Eukaryota	p__Oomycota	c__Stramenopiles	o__Peronosporales	f__Peronosporaceae	g__Bremia	s__Bremia_elliptica
a6ec515ac9bf772d20bea81d3848aeb0	k__Eukaryota	p__Oomycota	c__Stramenopiles	o__Peronosporales	f__Peronosporaceae	g__Hyaloperonospora	s__unknown
280841ed1f9a67772e3d311af79bcae8	k__Eukaryota	p__Oomycota	c__Stramenopiles	o__Peronosporales	f__Peronosporaceae	g__unknown	s__unknown
1684c6c24b6f92a866e608fc73fcc3aa	k__Eukaryota	p__Oomycota	c__Stramenopiles	o__Albuginales	f__Albuginaceae	g__Albugo	s__Albugo_candida
eb5f2a91e9bd4e365ab528422330961f	k__Eukaryota	p__Oomycota	c__Stramenopiles	o__Peronosporales	f__Peronosporaceae	g__Hyaloperonospora	s__unknown
a19e378533d36135bc2e1fd79cf78fc4	k__Eukaryota	p__Oomycota	c__Stramenopiles	o__Peronosporales	f__Peronosporaceae	g__Plasmopara	s__Plasmopara_euphrasiae
5ed91be88866a1018d74a159de902cda	k__Eukaryota	p__Oomycota	c__Stramenopiles	o__Peronosporales	f__Peronosporaceae	g__Peronospora	s__Peronospora_verbenae
892b8092492f8ac6589b9d214236f142	k__Eukaryota	p__Oomycota	c__Stramenopiles	o__Pythiales	f__Pythiaceae	g__Globisporangium	s__Globisporangium_ultimum
e835944407480bd8eb176219749dbe45	k__Eukaryota	p__Oomycota	c__Stramenopiles	o__unknown	f__unknown	g__unknown	s__unknown
3511d15232c6c3d390ad31de90386233	k__Eukaryota	p__Oomycota	c__Stramenopiles	o__Pythiales	f__Pythiaceae	g__Pythium	s__unknown
856f182b6f378b924858c5903e78ecad	k__Eukaryota	p__Oomycota	c__Stramenopiles	o__Peronosporales	f__Peronosporaceae	g__Plasmopara	s__Plasmopara_euphrasiae
cfcc07ac94cacfc2e127107fc2782462	k__Eukaryota	p__Oomycota	c__Stramenopiles	o__Peronosporales	f__Peronosporaceae	g__Hyaloperonospora	s__unknown
de36df8c988da3837dce99b12385e4b7	k__Eukaryota	p__Oomycota	c__Stramenopiles	o__Peronosporales	f__Peronosporaceae	g__Hyaloperonospora	s__Hyaloperonospora_nesliae
b591468b6a6ee1c4daa5ebd127012adf	k__Eukaryota	p__Oomycota	c__Stramenopiles	o__Peronosporales	f__Peronosporaceae	g__Peronospora	s__Peronospora_manshurica
c68a7c1bf719a998cccdb66460907500	k__Eukaryota	p__Oomycota	c__Stramenopiles	o__Peronosporales	f__Peronosporaceae	g__unknown	s__unknown
5d1c4cb3b8cf359572cc48bec47647ea	k__Eukaryota	p__Oomycota	c__Stramenopiles	o__Peronosporales	f__Peronosporaceae	g__Peronospora	s__Peronospora_variabilis
59fd2550263365917d71afbccc815ef0	k__Eukaryota	p__Oomycota	c__Stramenopiles	o__Peronosporales	f__Peronosporaceae	g__Peronospora	s__Peronospora_erucastri
5a73f292b1ef905e7db1c07c9fbbeabb	k__Eukaryota	p__Oomycota	c__Stramenopiles	o__Albuginales	f__Albuginaceae	g__Albugo	s__Albugo_candida
39def5efee7d59237abca894902a14c9	k__Eukaryota	p__Oomycota	c__Stramenopiles	o__Peronosporales	f__Peronosporaceae	g__unknown	s__unknown
70efc8aa16c9eb48d7dbfd9368751a45	k__Eukaryota	p__Oomycota	c__Stramenopiles	o__Albuginales	f__Albuginaceae	g__Albugo	s__Albugo_candida
e5763c29b429832d62c2bda6de64fd78	k__Eukaryota	p__Oomycota	c__Stramenopiles	o__Albuginales	f__Albuginaceae	g__Albugo	s__Albugo_candida
9e9993b6204e2b6d50e6b31711879de7	k__Eukaryota	p__Oomycota	c__Stramenopiles	o__Pythiales	f__Pythiaceae	g__Pythium	s__unknown
de0c4fb292d8fa6e58a102ee53142082	k__Eukaryota	p__Oomycota	c__Stramenopiles	o__Peronosporales	f__Peronosporaceae	g__Peronospora	s__Peronospora_erucastri
1ca611b40ca9574aa0991e97bcc23dfc	k__Eukaryota	p__Oomycota	c__Stramenopiles	o__Peronosporales	f__Peronosporaceae	g__Plasmopara	s__Plasmopara_euphrasiae
b9659b4fee3a270bc90dda1974f39c02	k__Eukaryota	p__Oomycota	c__Stramenopiles	o__Peronosporales	f__Peronosporaceae	g__Peronospora	s__unknown
14d4c583da3f47c8d71315ac0d681c54	k__Eukaryota	p__Oomycota	c__Stramenopiles	o__Peronosporales	f__Peronosporaceae	g__unknown	s__unknown
b989047e2889e1ae14f9dd5f286b9be8	k__Eukaryota	p__Oomycota	c__Stramenopiles	o__Peronosporales	f__Peronosporaceae	g__Plasmopara	s__Plasmopara_euphrasiae
8790f0f336bdb704517b84a3200d845d	k__Eukaryota	p__Oomycota	c__Stramenopiles	o__Peronosporales	f__Peronosporaceae	g__Peronospora	s__unknown
4044bee6c3e3be36d0d853e8dc49778f	k__Eukaryota	p__Oomycota	c__Stramenopiles	o__Peronosporales	f__Peronosporaceae	g__Bremia	s__unknown
1f21f5fd4c8e9e42356020d69b0c0c2b	k__Eukaryota	p__Oomycota	c__Stramenopiles	o__Albuginales	f__Albuginaceae	g__Albugo	s__Albugo_candida
e2a7ba3801465a974d14ddc9b1aa08fd	k__Eukaryota	p__Oomycota	c__Stramenopiles	o__Peronosporales	f__Peronosporaceae	g__Peronospora	s__Peronospora_erucastri
969b5213c6c9ab5e4ed4f5ebe4705dc8	k__Eukaryota	p__Oomycota	c__Stramenopiles	o__Pythiales	f__Pythiaceae	g__Pythium	s__unknown
ff65e4722f776764df4ebfb636972991	k__Eukaryota	p__Oomycota	c__Stramenopiles	o__Peronosporales	f__Peronosporaceae	g__Peronospora	s__Peronospora_manshurica
8bb6fc0089fc818770c50a9fbc63f304	k__Eukaryota	p__Oomycota	c__Stramenopiles	o__Albuginales	f__Albuginaceae	g__Albugo	s__Albugo_candida
ccbb238a9ebe9349af61cd8c56520bbe	k__Eukaryota	p__Oomycota	c__Stramenopiles	o__Peronosporales	f__Peronosporaceae	g__Peronospora	s__Peronospora_erucastri
3a728ce22d783d070f1e050e4b17feb7	k__Eukaryota	p__Oomycota	c__Stramenopiles	o__Peronosporales	f__Peronosporaceae	g__Pseudoperonospora	s__Pseudoperonospora_cubensis
73734686da05cea765f25cd8d32d8ce7	k__Eukaryota	p__Oomycota	c__Stramenopiles	o__Pythiales	f__Pythiaceae	g__Globisporangium	s__Globisporangium_carolinianum
2cfc876424d4bd3b5180224ccd6138bf	k__Eukaryota	p__Oomycota	c__Stramenopiles	o__Peronosporales	f__Peronosporaceae	g__Pseudoperonospora	s__Pseudoperonospora_cubensis
4dfa4d623a3a837658f6171a2dd5ea82	k__Eukaryota	p__Oomycota	c__Stramenopiles	o__Pythiales	f__Pythiaceae	g__Globisporangium	s__unknown
eaeaecce0a4aa4d2207f1dae950dd331	k__Eukaryota	p__Oomycota	c__Stramenopiles	o__Pythiales	f__Pythiaceae	g__Globisporangium	s__Globisporangium_ultimum
f242aba45564434f7a4708ec46d4a2e8	k__Eukaryota	p__Oomycota	c__Stramenopiles	o__Peronosporales	f__Peronosporaceae	g__Plasmopara	s__Plasmopara_euphrasiae
41836e1724fb03793fc47a3edf22d550	k__Eukaryota	p__Oomycota	c__Stramenopiles	o__Pythiales	f__Pythiaceae	g__Globisporangium	s__Globisporangium_rostratifingens
3162763397871defdb75d83447f7684a	k__Eukaryota	p__Oomycota	c__Stramenopiles	o__Peronosporales	f__Peronosporaceae	g__Hyaloperonospora	s__unknown
54804f9d206ebdb6cf0ad4a6b8f31a0d	k__Eukaryota	p__Oomycota	c__Stramenopiles	o__Pythiales	f__Pythiaceae	g__Pythium	s__unknown
6d7c77b02b657dbd159f5ade5e8a55f7	k__Eukaryota	p__Oomycota	c__Stramenopiles	o__Pythiales	f__Pythiaceae	g__Pythium	s__unknown
489c31cdc42a0f4370cdca38043e5380	k__Eukaryota	p__Oomycota	c__Stramenopiles	o__Peronosporales	f__Peronosporaceae	g__Plasmopara	s__Plasmopara_euphrasiae
f3bf2bc74f975fd7deb938d5595a5c27	k__Eukaryota	p__Oomycota	c__Stramenopiles	o__Peronosporales	f__Peronosporaceae	g__Bremia	s__Bremia_elliptica
155a32de27f47d0a1501fbc747ca2cef	k__Eukaryota	p__Oomycota	c__Stramenopiles	o__Peronosporales	f__Peronosporaceae	g__Plasmopara	s__Plasmopara_euphrasiae
7424ad39598be8060fb788905916ac97	k__Eukaryota	p__Oomycota	c__Stramenopiles	o__Peronosporales	f__Peronosporaceae	g__Peronospora	s__unknown
05eaf3194a66494df3b675abd35cba42	k__Eukaryota	p__Oomycota	c__Stramenopiles	o__Pythiales	f__Pythiaceae	g__Globisporangium	s__Globisporangium_camurandrum
805aa12e58e3ae41d99e0771081dd7c8	k__Eukaryota	p__Oomycota	c__Stramenopiles	o__Peronosporales	f__Peronosporaceae	g__Hyaloperonospora	s__Hyaloperonospora_brassicae
c08a72bdd6112cc43694941335015aa8	k__Eukaryota	p__Oomycota	c__Stramenopiles	o__Peronosporales	f__Peronosporaceae	g__Pseudoperonospora	s__Pseudoperonospora_cubensis
c4f628c5ba3a4a014f41c89bee4bfac6	k__Eukaryota	p__Oomycota	c__Stramenopiles	o__Peronosporales	f__Peronosporaceae	g__Plasmopara	s__Plasmopara_euphrasiae
f6fe0108126e79f5cc928b76464628d3	k__Eukaryota	p__Oomycota	c__Stramenopiles	o__Peronosporales	f__Peronosporaceae	g__Bremia	s__Bremia_elliptica
cc45e9a824ebfed9f1213429b3dd3945	k__Eukaryota	p__Oomycota	c__Stramenopiles	o__Peronosporales	f__Peronosporaceae	g__Peronospora	s__unknown
e22a62a7f38363dd329d43080105f6dd	k__Eukaryota	p__Oomycota	c__Stramenopiles	o__Peronosporales	f__Peronosporaceae	g__Hyaloperonospora	s__unknown
55e305a5bb37c884307e2294b67986c1	k__Eukaryota	p__Oomycota	c__Stramenopiles	o__Pythiales	f__Pythiaceae	g__Globisporangium	s__Globisporangium_camurandrum
c2279d9951a58eb5a486b442822d76bb	k__Eukaryota	p__Oomycota	c__Stramenopiles	o__Peronosporales	f__Peronosporaceae	g__Pseudoperonospora	s__Pseudoperonospora_cubensis
b380d49176272af8926b81359583d27a	k__Eukaryota	p__Oomycota	c__Stramenopiles	o__Peronosporales	f__Peronosporaceae	g__Peronospora	s__unknown
b6751b82bb10a50f9bf38222c9f6b9fc	k__Eukaryota	p__Oomycota	c__Stramenopiles	o__Peronosporales	f__Peronosporaceae	g__Basidiophora	s__Basidiophora_entospora
5138c42b453616bb06f231e247fdf569	k__Eukaryota	p__Oomycota	c__Stramenopiles	o__Peronosporales	f__Peronosporaceae	g__Peronospora	s__Peronospora_hiemalis
b61527c1bdcf607de7713cb631a8ea1d	k__Eukaryota	p__Oomycota	c__Stramenopiles	o__Peronosporales	f__Peronosporaceae	g__Hyaloperonospora	s__Hyaloperonospora_nesliae
95edb4e14d58cafe6a9fb429bb3a283f	k__Eukaryota	p__Oomycota	c__Stramenopiles	o__Peronosporales	f__Peronosporaceae	g__Peronospora	s__Peronospora_aparines
d7fc0dee52432b444834e06c420d0783	k__Eukaryota	p__Oomycota	c__Stramenopiles	o__Peronosporales	f__Peronosporaceae	g__Peronospora	s__Peronospora_erucastri
9bb8b7028fe6f00e9d91e36205f69efd	k__Eukaryota	p__Oomycota	c__Stramenopiles	o__Pythiales	f__Pythiaceae	g__Globisporangium	s__Globisporangium_ultimum
b2cbea5e4cb37c5fee9e5015334dad55	k__Eukaryota	p__Oomycota	c__Stramenopiles	o__Peronosporales	f__Peronosporaceae	g__Pseudoperonospora	s__Pseudoperonospora_cubensis
724a534c10b97d8ae8ed882e380c86c0	k__Eukaryota	p__Oomycota	c__Stramenopiles	o__Pythiales	f__Pythiaceae	g__Pythium	s__unknown
b25bd9ab009db0ba1f11d9c535b6996c	k__Eukaryota	p__Oomycota	c__Stramenopiles	o__Peronosporales	f__Peronosporaceae	g__Peronospora	s__unknown
5f4b10ace33edb59c83998f7287dbcdd	k__Eukaryota	p__Oomycota	c__Stramenopiles	o__Pythiales	f__Pythiaceae	g__Globisporangium	s__unknown
6f3ac6c9574207a5c53322ed3f8f97c3	k__Eukaryota	p__Oomycota	c__Stramenopiles	o__Pythiales	f__Pythiaceae	g__Globisporangium	s__unknown
9b7fe1317a47758932714c189adc924c	k__Eukaryota	p__Oomycota	c__Stramenopiles	o__Pythiales	f__Pythiaceae	g__Globisporangium	s__Globisporangium_intermedium
6bb981c890e1e1d12f81bf3f144f0fef	k__Eukaryota	p__Oomycota	c__Stramenopiles	o__Peronosporales	f__Peronosporaceae	g__Plasmopara	s__Plasmopara_euphrasiae
8d2f40414b32320b8d4e41a779c63bf9	k__Eukaryota	p__Oomycota	c__Stramenopiles	o__Peronosporales	f__Peronosporaceae	g__Plasmopara	s__Plasmopara_euphrasiae
8d56df3845043543af4306c5c22afee9	k__Eukaryota	p__Oomycota	c__Stramenopiles	o__Peronosporales	f__Peronosporaceae	g__Peronospora	s__Peronospora_destructor
98f29f5673df2611487951ef305930e9	k__Eukaryota	p__Oomycota	c__Stramenopiles	o__Peronosporales	f__Peronosporaceae	g__Hyaloperonospora	s__Hyaloperonospora_nesliae
ee599b93852121bf7b0894ae09031d57	k__Eukaryota	p__Oomycota	c__Stramenopiles	o__Peronosporales	f__Peronosporaceae	g__Plasmopara	s__Plasmopara_euphrasiae
6ed83e40d94d55450e62096bdae6876c	k__Eukaryota	p__Oomycota	c__Stramenopiles	o__Peronosporales	f__Peronosporaceae	g__Hyaloperonospora	s__unknown
34bab0f39871b3af9d84fd753eba1232	k__Eukaryota	p__Oomycota	c__Stramenopiles	o__Peronosporales	f__Peronosporaceae	g__Peronospora	s__unknown
652f9951052f20038607745368aea5d1	k__Eukaryota	p__Oomycota	c__Stramenopiles	o__Pythiales	f__Pythiaceae	g__Globisporangium	s__Globisporangium_ultimum
13556add6951220142de8b7cece1c4a0	k__Eukaryota	p__Oomycota	c__Stramenopiles	o__Peronosporales	f__Peronosporaceae	g__Peronospora	s__unknown
9b78ecc094a6ba5b08ed17290b3794ba	k__Eukaryota	p__Oomycota	c__Stramenopiles	o__Peronosporales	f__Peronosporaceae	g__Peronospora	s__unknown
4054fd7fcdc31fbde9aa1f176a382219	k__Eukaryota	p__Oomycota	c__Stramenopiles	o__Pythiales	f__Pythiaceae	g__Globisporangium	s__Globisporangium_carolinianum
e4de596f1c6214f468caa09a7ae1f548	k__Eukaryota	p__Oomycota	c__Stramenopiles	o__Peronosporales	f__Peronosporaceae	g__Peronospora	s__unknown
a1573ea193cd4ad2871161bdf0384323	k__Eukaryota	p__Oomycota	c__Stramenopiles	o__Pythiales	f__Pythiaceae	g__Globisporangium	s__Globisporangium_attrantheridium
134aa2dabc6f028e1cbb5c098c0f828b	k__Eukaryota	p__Oomycota	c__Stramenopiles	o__Peronosporales	f__Peronosporaceae	g__Peronospora	s__Peronospora_variabilis
b2067a95ab2dc478cc3f83737c837cc9	k__Eukaryota	p__Oomycota	c__Stramenopiles	o__Peronosporales	f__Peronosporaceae	g__Peronospora	s__Peronospora_viciae
b5b417f64bac3cf0ca3779d7a4ecd2a8	k__Eukaryota	p__Oomycota	c__Stramenopiles	o__Peronosporales	f__Peronosporaceae	g__Peronospora	s__Peronospora_potentillae-sterilis
2c0899ab19b08e0bbf163ab32dbaca99	k__Eukaryota	p__Oomycota	c__Stramenopiles	o__Peronosporales	f__Peronosporaceae	g__Peronospora	s__Peronospora_manshurica
1ccc8f0043741f50b207a9dc63f0bb9f	k__Eukaryota	p__Oomycota	c__Stramenopiles	o__Peronosporales	f__Peronosporaceae	g__Pseudoperonospora	s__Pseudoperonospora_cubensis
523482572baa2e9e611b353ceb3f43cb	k__Eukaryota	p__Oomycota	c__Stramenopiles	o__Peronosporales	f__Peronosporaceae	g__Hyaloperonospora	s__Hyaloperonospora_nesliae
4a695b543337009f38dd0dad5f011f6d	k__Eukaryota	p__Oomycota	c__Stramenopiles	o__Pythiales	f__Pythiaceae	g__Globisporangium	s__Globisporangium_rostratum
1495c863ded40e14468fb9ff52377e6e	k__Eukaryota	p__Oomycota	c__Stramenopiles	o__Peronosporales	f__Peronosporaceae	g__Hyaloperonospora	s__Hyaloperonospora_brassicae
2f4cc8cd64c129c25b6a5775ca7b0014	k__Eukaryota	p__Oomycota	c__Stramenopiles	o__Peronosporales	f__Peronosporaceae	g__Hyaloperonospora	s__Hyaloperonospora_brassicae
7d3c7a3442b5a12ca86c2bd01bbc20a7	k__Eukaryota	p__Oomycota	c__Stramenopiles	o__Peronosporales	f__Peronosporaceae	g__Peronospora	s__unknown
20ebb2b00ba9d34bd9c3bc024496c125	k__Eukaryota	p__Oomycota	c__Stramenopiles	o__Pythiales	f__Pythiaceae	g__Globisporangium	s__Globisporangium_ultimum
2c1195e9a2e8bd5f487dd6ce72aae5b1	k__Eukaryota	p__Oomycota	c__Stramenopiles	o__Pythiales	f__Pythiaceae	g__Globisporangium	s__Globisporangium_ultimum
bc072ff55bd767f51a09ba00e2cbd88c	k__Eukaryota	p__Oomycota	c__Stramenopiles	o__Peronosporales	f__Peronosporaceae	g__Hyaloperonospora	s__Hyaloperonospora_nesliae
f8e88e1229f70a3b05f81dda77477fe2	k__Eukaryota	p__Oomycota	c__Stramenopiles	o__Peronosporales	f__Peronosporaceae	g__Peronospora	s__unknown
ced659cba5b31b450978c0bb107fc118	k__Eukaryota	p__Oomycota	c__Stramenopiles	o__Pythiales	f__Pythiaceae	g__Globisporangium	s__Globisporangium_ultimum
c6ce0db02cfd4358163e6805e9856ebb	k__Eukaryota	p__Oomycota	c__Stramenopiles	o__Peronosporales	f__Peronosporaceae	g__Peronospora	s__Peronospora_potentillae-sterilis
7ec2988f4f27d638be6784e25989b204	k__Eukaryota	p__Oomycota	c__Stramenopiles	o__Peronosporales	f__Peronosporaceae	g__Peronospora	s__Peronospora_erucastri
c01dae2d7230d3fd62d5fecb467ca14b	k__Eukaryota	p__Oomycota	c__Stramenopiles	o__Peronosporales	f__Peronosporaceae	g__unknown	s__unknown
b62681e19c46d75b75d39edc65c8c9a9	k__Eukaryota	p__Oomycota	c__Stramenopiles	o__Pythiales	f__Pythiaceae	g__Pythium	s__unknown
b7185094d405fc7f32a6e1ce16c74944	k__Eukaryota	p__Oomycota	c__Stramenopiles	o__Peronosporales	f__Peronosporaceae	g__Hyaloperonospora	s__Hyaloperonospora_nesliae
ee62ec72952b9efda7cc7bfadd85bb3c	k__Eukaryota	p__Oomycota	c__Stramenopiles	o__Peronosporales	f__Peronosporaceae	g__Pseudoperonospora	s__Pseudoperonospora_cubensis
3e3b05493220e7d2134d0a86911c3b51	k__Eukaryota	p__Oomycota	c__Stramenopiles	o__Peronosporales	f__Peronosporaceae	g__Pseudoperonospora	s__Pseudoperonospora_cubensis
d080f37d13976f09eec414db469a3125	k__Eukaryota	p__Oomycota	c__Stramenopiles	o__Pythiales	f__Pythiaceae	g__Globisporangium	s__unknown
a71a243c38709123e1afca997df00030	k__Eukaryota	p__Oomycota	c__Stramenopiles	o__Peronosporales	f__Peronosporaceae	g__Peronospora	s__unknown
ea968a6aea00c3aa4290e80a84e08f0e	k__Eukaryota	p__Oomycota	c__Stramenopiles	o__Peronosporales	f__Peronosporaceae	g__Hyaloperonospora	s__unknown
6a58aaf872161808050664e6826d6292	k__Eukaryota	p__Oomycota	c__Stramenopiles	o__Peronosporales	f__Peronosporaceae	g__Peronospora	s__Peronospora_erucastri
fe51bee414c312dc048af37a61d94b2b	k__Eukaryota	p__Oomycota	c__Stramenopiles	o__Peronosporales	f__Peronosporaceae	g__Peronospora	s__Peronospora_viciae
44224837d0b097b03cd42035c9de80a5	k__Eukaryota	p__Oomycota	c__Stramenopiles	o__Peronosporales	f__Peronosporaceae	g__Basidiophora	s__Basidiophora_entospora
2d3da6dab22e992294ac88203d11a523	k__Eukaryota	p__Oomycota	c__Stramenopiles	o__Peronosporales	f__Peronosporaceae	g__Hyaloperonospora	s__Hyaloperonospora_nesliae
aebaa839922b1d3814fa72122dd255fd	k__Eukaryota	p__Oomycota	c__Stramenopiles	o__Peronosporales	f__Peronosporaceae	g__Peronospora	s__Peronospora_erucastri
6f2983c8819f1327eb872809626952b4	k__Eukaryota	p__Oomycota	c__Stramenopiles	o__Peronosporales	f__Peronosporaceae	g__Hyaloperonospora	s__Hyaloperonospora_nesliae
8afd1a2d9b0f73205703deefb31ede7d	k__Eukaryota	p__Oomycota	c__Stramenopiles	o__Peronosporales	f__Peronosporaceae	g__Peronospora	s__unknown
936e19bbfb84a36d6a2c20516c97ae6a	k__Eukaryota	p__Oomycota	c__Stramenopiles	o__Pythiales	f__Pythiaceae	g__Globisporangium	s__Globisporangium_rostratum
0f5438b652f9d589c021a4a4fab9266e	k__Eukaryota	p__Oomycota	c__Stramenopiles	o__Peronosporales	f__Peronosporaceae	g__Hyaloperonospora	s__Hyaloperonospora_camelinae
4d8191733b4dc0333991a2f5dd6e6b9d	k__Eukaryota	p__Oomycota	c__Stramenopiles	o__Pythiales	f__Pythiaceae	g__Pythium	s__unknown
4ec1fb816b06f83c350b9b73400880eb	k__Eukaryota	p__Oomycota	c__Stramenopiles	o__Pythiales	f__Pythiaceae	g__Globisporangium	s__Globisporangium_ultimum
